Model,Accuracy,Precision,Recall,F1,ROC_AUC
Final After-Departure XGBoost,0.9257261566020338,0.9225398811385674,0.7279207060635379,0.813755732014855,0.9370064412668638
