Model,Accuracy,Precision,Recall,F1,ROC_AUC
Final After-Departure XGBoost,0.9224009876478005,0.9207357737871494,0.7255372208792363,0.8115641532624379,0.9342012077261271
